Event Name,Location,Start Date,Start Time,End Date,End Time,
Participant Check-In Opens,Ross Glenn Hall,2026-10-23, 7:30 PM,2026-10-23, 9:00 PM,
Opening Ceremony,Ross Glenn Hall,2026-10-23, 8:30 PM,2026-10-23, 9:00 PM,
Dinner Served,Ideas Lounge,2026-10-23, 9:15 PM,2026-10-23, 10:00 PM,
Games,Ideas Lounge,2026-10-23, 11:00 PM,2026-10-24, 1:15 AM,
Midnight Snack,Ideas Lounge,2026-10-24, 12:00 AM,2026-10-24, 12:30 AM,
Breakfast Served,Ideas Lounge,2026-10-24, 9:00 AM,2026-10-24, 10:00 AM,
Scavenger Hunt,University Wide,2026-10-24, 10:00 AM,2026-10-24, 12:00 PM,
Lunch Served,Ideas Lounge,2026-10-24, 12:00 PM,2026-10-24, 1:00 PM,
Quantum Computing Tech Presentation,EL 1441,2026-10-24, 12:15 PM,2026-10-24, 1:15 PM,
Typing Test Competition,Ideas Lounge,2026-10-24, 2:00 PM,2026-10-24, 3:00 PM,
Therapy Dogs,Ideas Lounge,2026-10-24, 3:00 PM,2026-10-24, 6:00 PM,
Dinner Served,Ideas Lounge,2026-10-24, 6:30 PM,2026-10-24, 7:30 PM,
Games,Ideas Lounge,2026-10-24, 11:00 PM,2026-10-25, 1:15 AM,
Midnight Snack,Ideas Lounge,2026-10-25, 12:00 AM,2026-10-25, 12:30 AM,
Breakfast Served,Ideas Lounge,2026-10-25, 9:00 AM,2026-10-25, 9:30 AM,
Submissions Due,Ideas Lounge,2026-10-25, 9:00 AM,2026-10-25, 9:00 AM,
Judging,Ross Glenn Hall,2026-10-25, 10:00 AM,2026-10-25, 12:00 PM,
Lunch,Ideas Lounge,2026-10-25, 12:45 PM,2026-10-25, 1:45 PM,
Ice Cream,Ideas Lounge,2026-10-25, 12:45 PM,2026-10-25, 1:15 PM,
Closing Ceremony,Ross Glenn Hall,2026-10-25, 2:00 PM,2026-10-25, 2:30 PM,
